Round,Pick,Team
1,1,Jaguars
1,2,Jets
1,3,49ers
1,4,Falcons
1,5,Bengals
1,6,Dolphins
1,7,Lions
1,8,Panthers
1,9,Broncos
1,10,Cowboys
1,11,Giants
1,12,Eagles
1,13,Chargers
1,14,Vikings
1,15,Patriots
1,16,Cardinals
1,17,Raiders
1,18,Dolphins
1,19,Football Team
1,20,Bears
1,21,Colts
1,22,Titans
1,23,Jets
1,24,Steelers
1,25,Jaguars
1,26,Browns
1,27,Ravens
1,28,Saints
1,29,Packers
1,30,Bills
1,31,Ravens
1,32,Buccaneers
2,33,Jaguars
2,34,Jets
2,35,Falcons
2,36,Dolphins
2,37,Eagles
2,38,Bengals
2,39,Panthers
2,40,Broncos
2,41,Lions
2,42,Giants
2,43,49ers
2,44,Cowboys
2,45,Jaguars
2,46,Patriots
2,47,Chargers
2,48,Raiders
2,49,Cardinals
2,50,Dolphins
2,51,Football Team
2,52,Bears
2,53,Titans
2,54,Colts
2,55,Steelers
2,56,Seahawks
2,57,Rams
2,58,Chiefs
2,59,Browns
2,60,Saints
2,61,Bills
2,62,Packers
2,63,Chiefs
2,64,Buccaneers
3,65,Jaguars
3,66,Jets
3,67,Texans
3,68,Falcons
3,69,Bengals
3,70,Eagles
3,71,Broncos
3,72,Lions
3,73,Panthers
3,74,Football Team
3,75,Cowboys
3,76,Giants
3,77,Chargers
3,78,Vikings
3,79,Raiders
3,80,Raiders
3,81,Dolphins
3,82,Football Team
3,83,Bears
3,84,Eagles
3,85,Titans
3,86,Jets
3,87,Steelers
3,88,Rams
3,89,Browns
3,90,Vikings
3,91,Browns
3,92,Packers
3,93,Bills
3,94,Ravens
3,95,Buccaneers
3,96,Patriots
3,97,Chargers
3,98,Saints
3,99,Cowboys
3,100,Titans
3,101,Lions
3,102,Dolphins
3,103,Rams
3,104,Ravens
3,105,Saints
4,106,Jaguars
4,107,Jets
4,108,Falcons
4,109,Texans
4,110,Browns
4,111,Bengals
4,112,Lions
4,113,Panthers
4,114,Broncos
4,115,Cowboys
4,116,Giants
4,117,49ers
4,118,Chargers
4,119,Vikings
4,120,Patriots
4,121,Raiders
4,122,Patriots
4,123,Eagles
4,124,Football Team
4,125,Vikings
4,126,Titans
4,127,Colts
4,128,Steelers
4,129,Seahawks
4,130,Jaguars
4,131,Ravens
4,132,Browns
4,133,Saints
4,134,Vikings
4,135,Packers
4,136,Ravens
4,137,Buccaneers
4,138,Cowboys
4,139,Patriots
4,140,Steelers
4,141,Rams
4,142,Packers
4,143,Vikings
4,144,Chiefs
5,145,Jaguars
5,146,Jets
5,147,Texans
5,148,Falcons
5,149,Bengals
5,150,Eagles
5,151,Panthers
5,152,Broncos
5,153,Lions
5,154,Jets
5,155,49ers
5,156,Dolphins
5,157,Vikings
5,158,Texans
5,159,Chargers
5,160,Cardinals
5,161,Bills
5,162,Raiders
5,163,Football Team
5,164,Bears
5,165,Colts
5,166,Titans
5,167,Raiders
5,168,Vikings
5,169,Browns
5,170,Jaguars
5,171,Ravens
5,172,49ers
5,173,Packers
5,174,Bills
5,175,Chiefs
5,176,Buccaneers
5,177,Patriots
5,178,Packers
5,179,Cowboys
5,180,49ers
5,181,Chiefs
5,182,Falcons
5,183,Falcons
5,184,Ravens
6,185,Chargers
6,186,Jets
6,187,Falcons
6,188,Patriots
6,189,Eagles
6,190,Bengals
6,191,Broncos
6,192,Cowboys
6,193,Panthers
6,194,49ers
6,195,Texans
6,196,Giants
6,197,Patriots
6,198,Chargers
6,199,Vikings
6,200,Raiders
6,201,Giants
6,202,Bengals
6,203,Texans
6,204,Bears
6,205,Titans
6,206,Colts
6,207,Chiefs
6,208,Bears
6,209,Rams
6,210,Ravens
6,211,Browns
6,212,Texans
6,213,Bills
6,214,Packers
6,215,Titans
6,216,Steelers
6,217,Buccaneers
6,218,Saints
6,219,Falcons
6,220,Packers
6,221,Bears
6,222,Panthers
6,223,Cardinals
6,224,Eagles
6,225,Eagles
6,226,Jets
6,227,Cowboys
6,228,Bears
7,229,Saints
7,230,49ers
7,231,Dolphins
7,232,Titans
7,233,Texans
7,234,Eagles
7,235,Bengals
7,236,Bills
7,237,Broncos
7,238,Cowboys
7,239,Broncos
7,240,Eagles
7,241,Chargers
7,242,Patriots
7,243,Cardinals
7,244,Football Team
7,245,Steelers
7,246,Football Team
7,247,Cardinals
7,248,Colts
7,249,Jaguars
7,250,Seahawks
7,251,Buccaneers
7,252,Rams
7,253,Broncos
7,254,Steelers
7,255,Saints
7,256,Packers
7,257,Browns
7,258,Dolphins
7,259,Buccaneers
